{
  "saved_at": "2025-08-23 20:57:54",
  "backend": "pytorch",
  "final_iteration": 3019,
  "learned_params": {
    "P": -0.0030678764451295137,
    "Dt": -0.9677351713180542,
    "Vmax": 0.4638279974460602,
    "Km": 3.105271389358677e-05
  },
  "true_params": {
    "L": 1.0,
    "H": 0.2,
    "R": 0.005,
    "u": 1.0,
    "Dc": 0.001,
    "Dt": 0.001,
    "P": 0.005,
    "Vmax": 0.002,
    "Km": 0.03,
    "beta": 0.3,
    "Cin0": 0.1,
    "Cin1": 0.02,
    "f_c": 1.0,
    "I0": 1.0,
    "I1": 0.5,
    "f_m": 0.5,
    "T": 2.0
  },
  "checkpoint_path": "checkpoints\\oxygen_pinn-3019.pt"
}